lintang_selatan,bujur_timur,wilayah,kecamatan,nama_lokasi,Besi,E_Coli,IP,Krom_heks,Mangan,Nitrat,Nitrit,Organik,Surfaktan,Total_colif,Warna
-6.067667,106.9245,Jakarta Utara,Cilincing,Kali Baru,0.1,200,18.66472429,0.003,0.98,1,0.01,5.62,0.03,12000,29
-6.075944444,106.9385556,Jakarta Utara,Cilincing,Cilincing,0.05,0,24.29662024,0.0015,0.12,0.27,0.01,NA,NA,4200,1
-6.075944444,106.938556,Jakarta Utara,Cilincing,Cilincing,0.07,0,15.25209299,0.003,0.12,2.3,0.01,2.03,0.03,1300,9
-6.098003,106.714088,Jakarta Utara,Penjaringan,Kamal Muara,1.89,0,15.98845965,0.003,10.17,0.8,0.07,22.47,0.03,2100,160
-6.104386,106.706039,Jakarta Barat,Kalideres,Kamal,0.06,0,18.53095076,0.0015,0.015,2.5,0.005,8.4,0.04,100,5
-6.105467,106.768295,Jakarta Utara,Penjaringan,Pluit,0.11,28000,21.23505294,0.003,2.18,1.6,0.06,30.5,0.03,64000,24
-6.1129194,106.875053,Jakarta Utara,Tanjung Priok,Papanggo,0.51,300,16.72830414,0.003,0.49,1.4,0.03,18.39,0.04,3400,51
-6.114722,106.886581,Jakarta Utara,Tanjung Priok,Kebon Bawang,0.03,3000,21.61559617,0.003,0.93,3.8,0.03,20.57,0.03,82000,51
-6.115133,106.898834,Jakarta Utara,Koja,Rawa Badak Utara,0.34,400,18.90141694,0.003,0.37,1,0.08,13.26,0.03,14000,27
-6.1160778,106.845802,Jakarta Pusat,Kemayoran,Gunung Sahari Selatan,0.03,0,1.494528416,0.003,0.03,2.4,0.01,2.03,0.14,0,1
-6.1176053,106.9085437,Jakarta Utara,Koja,Lagoa,0.08,200,24.82869112,0.007,0.07,0.27,0.01,NA,NA,4500,49
-6.1176053,106.908544,Jakarta Utara,Koja,Lagoa,0.04,0,16.63521728,0.003,0.09,2.7,0.01,15.85,0.24,3200,30
-6.118083,106.872414,Jakarta Utara,Tanjung Priok,Tanjung Priok,0.67,0,17.0527614,0.003,1.94,0.9,0.01,21.56,0.03,4200,98
-6.11835,106.719971,Jakarta Barat,Kalideres,Tegal Alur,0.015,0,24.33955616,0.0015,0.015,0.27,0.05,2.03,0.13,4300,9
-6.118903,106.882568,Jakarta Utara,Tanjung Priok,Sungai Bambu,0.78,0,11.3137085,0.003,1.44,1.3,0.01,7.53,0.26,100,38
-6.122472,106.95961,Jakarta Utara,Cilincing,Marunda,0.03,0,16.12814343,0.003,0.03,2,0.01,6.65,0.03,2300,1
-6.12352,106.91125,Jakarta Utara,Koja,Tugu Utara,0.12,0,2.008101182,0.003,0.09,3.2,0.12,7.92,0.12,0,20
-6.125639,106.881531,Jakarta Utara,Tanjung Priok,Warakas,0.04,230000,24.92996297,0.003,0.63,1.5,0.02,13.47,0.08,710000,14
-6.127217,106.897442,Jakarta Utara,Koja,Rawa Badak Selatan,0.28,7000,20.47450527,0.003,3.36,1.2,0.12,7.2,0.03,39000,29
-6.13,106.875,Jakarta Utara,Koja,Koja,0.38,100,12.37801026,0.003,2.18,1.7,0.02,2.03,0.05,200,24
-6.13,108.02,Jakarta Utara,Pademangan,Ancol,0.25,0,15.365883030000001,0.003,0.52,2.1,0.01,8.23,0.06,1400,11
-6.130444,106.759972,Jakarta Utara,Penjaringan,Kapuk Muara,0.15,0,3.759414025,0.003,0.73,3.1,0.07,8.13,0.03,0,25
-6.130861,106.940056,Jakarta Utara,Cilincing,Semper Timur,0.38,0,14.68746525,0.003,3.56,1.1,0.15,10.73,0.04,900,16
-6.130931,106.907678,Jakarta Utara,Koja,Tugu Selatan,0.85,21000,21.11014973,0.003,0.91,2.9,0.02,15.1,0.03,59000,47
-6.13112,106.746124,Jakarta Barat,Cengkareng,Kapuk,0.03,0,16.31639475,0.003,2.21,2.4,0.13,8.84,0.03,2600,7
-6.132,106.807,Jakarta Barat,Tambora,Roa Malaka,1.04,0,13.00058687,0.003,0.74,2.6,0.03,7.11,0.08,300,31
-6.133,106.841,Jakarta Utara,Pademangan,Pademangan Timur,1.76,21000,21.74137687,0.003,1.14,4.9,0.15,29.75,0.03,89000,70
-6.133056,106.842499,Jakarta Utara,Pademangan,Pademangan Timur,0.18,1800,17.57461583,0.003,0.58,5,0.12,22.45,0.15,5900,45
-6.133093,160.796509,Jakarta Utara,Penjaringan,Penjaringan,0.08,1400,18.28976893,0.003,0.04,4.6,0.07,9.89,0.03,9400,15
-6.1332,106.79068,Jakarta Utara,Penjaringan,Pejagalan,0.76,100,15.12919039,0.003,1.8,1.1,0.07,32.14,0.03,1200,164
-6.133283,106.710564,Jakarta Barat,Kalideres,Pegadungan,1.9,0,20.59652078,0.0015,8.04,0.27,0.01,13.29,0.15,300,183
-6.134694444,106.9252778,Jakarta Utara,Cilincing,Semper Barat,0.05,4000,27.85188866,0.0015,0.3,1.4,0.02,NA,NA,29000,40
-6.134694444,106.925278,Jakarta Utara,Cilincing,Semper Barat,0.26,0,16.58646833,0.003,1.78,1.3,0.01,8.16,0.03,3100,25
-6.1375,106.859444,Jakarta Utara,Tanjung Priok,Sunter Agung,0.04,0,0.707106781,0.003,0.03,2.5,0.01,8.27,0.04,0,1
-6.138,106.827,Jakarta Pusat,Sawah Besar,Mangga Dua Selatan,2.06,200,12.37801026,0.003,0.76,3.8,0.01,9.51,0.03,200,46
-6.139478,106.800934,Jakarta Barat,Tambora,Pekojan,0.44,18000,20.58829531,0.003,0.03,3.7,0.02,5.81,0.04,42000,33
-6.142,106.788,Jakarta Barat,Grogol Petamburan,Jelambar Baru,0.07,200,14.99558765,0.003,0.17,4.8,0.1,4.26,0.03,1100,43
-6.143111,106.690941,Jakarta Barat,Kalideres,Kalideres,0.015,0,19.58890641,0.0015,0.015,2.5,0.005,4.93,0.18,200,11
-6.143692,106.800125,Jakarta Barat,Tambora,Angke,0.03,0,18.30601736,0.003,0.03,3.9,0.01,9.01,0.03,9500,86
-6.145197,106.733177,Jakarta Barat,Cengkareng,Cengkareng Timur,0.03,0,2.79683574,0.003,0.23,2.6,0.06,2.03,0.07,0,1
-6.1455,106.814331,Jakarta Barat,Tamansari,Glodok,0.03,0,13.00058687,0.003,0.23,1.8,0.05,5.18,0.03,300,14
-6.146514,106.803123,Jakarta Barat,Tambora,Jembatan Lima,0.03,900,18.66472429,0.003,0.06,11.3,0.05,7.06,0.03,12000,13
-6.146692,106.808449,Jakarta Barat,Tambora,Tambora,0.17,1100,16.12814343,0.003,1.76,7.9,0.05,6.77,0.03,2300,10
-6.146731,106.822548,Jakarta Barat,Tamansari,Tangki,1.62,0,5.521541716,0.003,2.3,0.9,0.02,3.83,0.03,0,86
-6.147533,106.819328,Jakarta Barat,Tamansari,Mangga Besar,0.2,0,4.057945746,0.003,0.03,1.4,0.01,5.71,0.09,0,30
-6.148972,106.958305,Jakarta Utara,Cilincing,Rorotan,0.03,0,11.3137085,0.003,0.07,0.6,0.03,8.69,0.03,100,21
-6.149553,106.72213,Jakarta Barat,Cengkareng,Cengkareng Barat,0.03,0,1.609631378,0.003,0.18,3.4,0.61,2.03,0.09,0,3
-6.1506,106.832,Jakarta Barat,Tamansari,Taman Sari,0.03,0,17.60042253,0.003,0.58,1.7,0.09,4.11,0.03,6000,5
-6.150889,106.815056,Jakarta Barat,Tamansari,Keagungan,1.1,3200,18.15319336,0.003,0.43,5.4,0.37,6.14,0.06,8600,29
-6.151817,106.801064,Jakarta Barat,Tambora,Krendang,1.56,44000,21.49892263,0.003,0.08,0.6,0.01,6.81,0.06,76000,70
-6.152728,106.797699,Jakarta Barat,Tambora,Jembatan Besi,0.03,500,17.2577939,0.003,0.09,1.7,0.02,2.26,0.05,4800,4
-6.153,106.838,Jakarta Pusat,Sawah Besar,Gunung Sahari Utara,0.03,200,14.30158127,0.003,0.09,1.7,0.09,7.32,0.06,700,16
-6.153167,106.831779,Jakarta Pusat,Sawah Besar,Kartini,0.08,0,2.334854703,0.003,0.07,1.2,0.01,4.57,0.15,0,1
-6.153556,106.858253,Jakarta Pusat,Kemayoran,Kebon Kosong,0.03,0,3.974927536,0.003,0.07,1.3,0.01,7.04,0.12,0,5
-6.153611,106.76223,Jakarta Barat,Cengkareng,Kedaung Kali Angke,1.38,0,4.470534094,0.003,0.58,1.2,0.02,4.05,0.03,0,116
-6.153694,106.772514,Jakarta Barat,Grogol Petamburan,Wijaya Kusuma,0.03,0,17.43864538,0.003,0.03,2.6,0.01,3.11,0.04,5400,3
-6.153989,106.819168,Jakarta Barat,Tamansari,Maphar,0.03,0,1.428779901,0.003,0.16,1.3,0.01,2.03,0.05,0,2
-6.154444,106.866943,Jakarta Utara,Tanjung Priok,Sunter Jaya,0.03,0,11.3137085,0.003,0.03,0.4,0.01,3.92,0.08,100,7
-6.154556,106.81897,Jakarta Barat,Tamansari,Pinangsia,0.07,300,15.57091552,0.003,2.21,3.4,0.17,7.53,0.03,1600,16
-6.154722,106.932777,Jakarta Utara,Cilincing,Suka Pura,0.03,0,3.694979555,0.003,0.7,3.6,0.12,7.12,0.03,0,16
-6.155,106.803139,Jakarta Barat,Tambora,Duri Utara,0.03,100,16.77281342,0.003,0.08,2.7,0.01,2.48,0.03,3500,7
-6.155475,106.81649,Jakarta Barat,Tamansari,Krukut,0.03,0,15.83478521,0.003,0.08,2.6,0.25,4.24,0.03,1900,2
-6.155722,106.828972,Jakarta Pusat,Sawah Besar,Karang Anyar Utara,0.04,0,2.439371598,0.003,0.04,1,0.01,2.78,0.17,0,1
-6.156081,106.799255,Jakarta Barat,Tambora,Kalianyar,0.03,0,1.843884844,0.003,0.03,8.5,0.02,2.03,0.03,0,1
-6.158472,106.802345,Jakarta Barat,Tambora,Duri Selatan,0.03,0,2.095500174,0.003,0.07,7.1,0.1,2.74,0.03,0,3
-6.158583,106.808578,Jakarta Barat,Tambora,Tanah Sereal,0.51,0,4.645491273,0.003,0.61,0.8,0.01,5.93,0.03,0,130
-6.159192,106.793449,Jakarta Barat,Grogol Petamburan,Grogol,0.09,300000,25.07434093,0.003,0.03,2.8,0.01,2.03,0.03,780000,7
-6.159278,106.856445,Jakarta Pusat,Kemayoran,Serdang,0.03,300,15.47181902,0.003,0.03,4.3,0.08,3.03,0.08,1500,1
-6.16,106.83139,Jakarta Pusat,Sawah Besar,Pasar Baru,0.17,0,3.672886183,0.003,0.69,1.4,0.09,7.2,0.21,0,9
-6.160103,106.705053,Jakarta Barat,Kalideres,Semanan,0.015,0,18.56063684,0.0015,0.23,0.27,0.005,2.14,0.17,100,9
-6.161458,106.781425,Jakarta Barat,Grogol Petamburan,Jelambar,0.11,0,16.93897136,0.003,0.03,3.2,0.01,2.03,0.09,3900,7
-6.1623361,106.817497,Jakarta Pusat,Gambir,Petojo Utara,0.26,0,11.3137085,0.003,0.05,0.8,0.01,2.03,0.03,100,18
-6.162494,106.878609,Jakarta Pusat,Kemayoran,Sumur Batu,0.05,0,12.37801026,0.003,0.14,1.1,0.01,2.03,0.05,200,1
-6.163053,106.884712,Jakarta Utara,Kelapa Gading,Kelapa Gading Barat,0.03,0,12.37801026,0.003,0.04,1.1,0.01,3.42,0.03,200,1
-6.164503,106.808716,Jakarta Pusat,Gambir,Duri Pulo,0.18,20000,20.12200224,0.003,0.41,1.3,0.01,6.27,0.08,31000,13
-6.164583,106.825165,Jakarta Pusat,Gambir,Kebon Kelapa,0.06,0,1.223747406,0.003,0.14,2.2,0.01,2.97,0.12,0,1
-6.166636,106.902351,Jakarta Utara,Kelapa Gading,Kelapa Gading Timur,0.06,0,1.711391304,0.003,0.03,3.2,0.01,3.64,0.03,0,9
-6.167722,106.843613,Jakarta Pusat,Kemayoran,Kemayoran,3.41,0,5.856138271,0.003,2.86,1.4,0.09,4.07,0.1,0,77
-6.167944,106.857697,Jakarta Pusat,Kemayoran,Harapan Mulia,0.14,200,14.99558765,0.003,0.03,0.8,0.01,10.61,0.09,1100,5
-6.168044,106.851089,Jakarta Pusat,Kemayoran,Utan Panjang,0.03,0,1.936253556,0.003,0.03,7.4,0.01,2.03,0.09,0,1
-6.168083,106.809303,Jakarta Pusat,Gambir,Cideng,0.16,0,1.609631378,0.003,0.03,2.9,0.01,3.19,0.1,0,5
-6.168778,106.846474,Jakarta Pusat,Senen,Bungur,0.03,0,1.647545968,0.003,0.03,36.9,0.01,2.85,0.12,0,1
-6.169572,106.734512,Jakarta Barat,Cengkareng,Rawa Buaya,0.03,100,14.06488863,0.003,1.57,5.5,0.03,2.17,0.03,600,6
-6.169861,106.859421,Jakarta Pusat,Kemayoran,Cempaka Baru,0.28,0,17.72332514,0.003,0.04,0.9,0.01,2.57,0.12,6500,3
-6.170278,106.722466,Jakarta Barat,Cengkareng,Duri Kosambi,0.03,0,2.393985154,0.003,0.3,1.9,0.01,2.03,0.03,0,1
-6.171667,106.784164,Jakarta Barat,Grogol Petamburan,Tanjung Duren Utara,0.68,0,2.940793014,0.003,0.07,0.9,0.01,8.76,0.06,0,41
-6.171897,106.800003,Jakarta Barat,Grogol Petamburan,Tomang,0.09,0,14.68746525,0.003,0.7,2.3,0.08,6.31,0.04,900,9
-6.172183,106.841362,Jakarta Pusat,Senen,Senen,0.03,0,16.43018479,0.003,0.03,23.5,0.01,9.29,0.06,2800,1
-6.173333333,106.9325,Jakarta Timur,Cakung,Cakung Barat 2,0.3,0,14.99558765,0.003,0.44,1.3,0.01,18.3,0.24,1100,28
-6.173606,106.870537,Jakarta Pusat,Cempaka Putih,Cempaka Putih,0.12,0,1.074108356,0.003,0.03,3.4,0.01,2.85,0.19,0,6
-6.175472,106.908607,Jakarta Utara,Kelapa Gading,Pegangsaan Dua,0.29,0,13.00058687,0.003,0.03,5.2,0.01,3.77,0.03,300,16
-6.175589,106.854584,Jakarta Pusat,Johar Baru,Galur,0.04,0,0.707106781,0.003,0.03,4.7,0.01,4.51,0.03,0,3
-6.176869,106.767311,Jakarta Barat,Kebon Jeruk,Kedoya Utara,0.41,0,5.066406335,0.003,1.71,4.2,0.1,2.03,0.03,0,20
-6.177172,106.804207,Jakarta Barat,Palmerah,Jati Pulo,0.015,1000,24.00482634,0.0015,0.015,4.3,0.02,2.03,0.03,2700,1
-6.179136,106.735336,Jakarta Barat,Kembangan,Kembangan Utara,0.015,0,18.52867156,0.0015,0.13,1.2,0.005,2.03,0.03,100,1
-6.179359,106.82019,Jakarta Pusat,Gambir,Gambir,1.57,0,11.3137085,0.003,0.81,1,0.01,6.63,0.07,100,75
-6.179839,106.758888,Jakarta Barat,Kebon Jeruk,Kedoya Selatan,0.03,0,3.800915548,0.003,0.75,4.8,0.01,2.03,0.04,0,1
-6.180314,106.858727,Jakarta Pusat,Johar Baru,Kampung Rawa,0.03,0,11.3137085,0.003,0.03,30.8,0.01,2.97,0.04,100,1
-6.180337,106.816063,Jakarta Pusat,Gambir,Petojo Selatan,7.96,0,6.363547628,0.003,0.43,2.1,0.02,16.33,0.06,0,44.2
-6.181156,106.787727,Jakarta Barat,Grogol Petamburan,Tanjung Duren Selatan,0.03,400,14.06488863,0.003,0.03,4,0.01,2.03,0.07,600,1
-6.183297,106.751923,Jakarta Barat,Kembangan,Kembangan Selatan,1.4,0,4.495316248,0.0015,1.01,0.27,0.005,2.03,0.06,0,80
-6.183333,106.81694,Jakarta Pusat,Tanah Abang,Kampung Bali,1.84,0,4.147633302,0.003,0.33,1,0.01,17.52,0.19,0,94
-6.18339,106.9062111,Jakarta Timur,Pulogadung,Pulo Gadung 1,0.015,0,0.810417063,0.0015,0.02,5.4,0.08,2.03,0.03,0,1
-6.183417,106.856613,Jakarta Pusat,Johar Baru,Johar Baru,0.03,0,3.672886183,0.003,0.69,4.9,0.01,2.82,0.03,0,6
-6.183577,106.95749,Jakarta Timur,Cakung,Cakung Timur 1,1.88,0,4.425350103,0.0015,0.95,0.3,0.01,5.9,0.2,0,85
-6.183694,106.849556,Jakarta Pusat,Johar Baru,Tanah Tinggi,0.03,0,1.319412705,0.003,0.06,4.9,0.01,2.63,0.08,0,6
-6.185031,106.7733,Jakarta Barat,Kebon Jeruk,Duri Kepa,0.03,0,12.37801026,0.003,1.28,3.6,0.01,3.21,0.03,200,2
-6.185208,106.801895,Jakarta Barat,Palmerah,Kota Bambu Selatan,0.015,0,1.572327566,0.0015,0.015,34.8,0.005,2.03,0.03,0,1
-6.185219,106.802155,Jakarta Barat,Palmerah,Kota Bambu Utara,3.57,0,5.662597168,0.0015,1.18,1.2,0.02,10.14,0.03,0,210
-6.185586,106.922554,Jakarta Timur,Cakung,Rawa Terate,0.02,700,24.45855193,0.0015,0.28,2.9,0.01,2.03,0.04,3500,1
-6.185911111,106.8936917,Jakarta Timur,Pulogadung,Pulo Gadung 2,0.83,0,19.67819362,0.0015,0.27,0.3,0.01,2.03,0.03,200,18
-6.185978,106.828094,Jakarta Pusat,Menteng,Kebon Sirih,0.95,200,13.78494065,0.003,0.98,1,0.01,2.03,0.07,500,77
-6.186222,106.887444,Jakarta Timur,Pulogadung,Kayu Putih,0.1,0,22.22647134,0.0015,0.02,0.3,0.06,2.7,0.08,1100,9
-6.186533333,106.9225528,Jakarta Timur,Cakung,Ujung Menteng,4,0,18.72845959,0.0015,0.85,0.3,0.01,2.03,0.04,100,71
-6.186686,106.840965,Jakarta Pusat,Senen,Kwitang,1.75,100,11.3137085,0.003,0.83,3.1,0.01,2.38,0.11,100,237
-6.187831,106.847397,Jakarta Pusat,Senen,Kramat,0.23,0,5.727408475,0.003,2.63,8.3,0.01,15.58,0.14,0,18
-6.188797,106.838821,Jakarta Pusat,Menteng,Gondang Dia,0.05,0,0.707106781,0.003,0.03,2.4,0.01,2.03,0.09,0,1
-6.1902,106.870872,Jakarta Pusat,Cempaka Putih,Rawa Sari,0.03,200,14.30158127,0.003,0.34,1.1,0.01,2.03,0.03,700,13
-6.190639,106.846446,Jakarta Pusat,Senen,Kenari,0.32,0,2.051356518,0.003,0.03,8.4,0.01,2.03,0.19,0,24
-6.190833,106.190834,Jakarta Pusat,Menteng,Cikini,0.14,0,0.965579406,0.003,0.03,1.4,0.01,2.03,0.11,0,5
-6.191097,106.814568,Jakarta Pusat,Tanah Abang,Kebon Kacang,3.3,0,13.44231201,0.003,0.03,2,0.16,2.03,0.03,400,1
-6.191111,106.772224,Jakarta Barat,Kebon Jeruk,Kebon Jeruk,1.39,0,3.683972606,0.003,0.63,3.6,0.01,2.03,0.15,0,48
-6.191222,106.807159,Jakarta Pusat,Tanah Abang,Petamburan,4.09,0,5.341107427,0.003,0.82,1.8,0.01,3.82,0.04,0,108
-6.191222,106.812775,Jakarta Pusat,Tanah Abang,Kebon Melati,0.27,0,4.346528029,0.003,1.07,2,0.02,3.16,0.04,0,13
-6.191391667,106.942975,Jakarta Timur,Cakung,Cakung Barat 1,0.1,0,2.049090478,0.0015,0.015,1.2,0.005,7.4,0.24,0,23
-6.191528,106.8554027,Jakarta Pusat,Senen,Paseban,0.015,300,22.27208321,0.0015,0.015,5.2,0.005,NA,NA,900,1
-6.191528,106.855403,Jakarta Pusat,Senen,Paseban,0.03,0,1.512807952,0.003,0.03,33.8,0.01,2.03,0.12,0,1
-6.192317,106.786667,Jakarta Barat,Palmerah,Kemanggisan,0.015,300,21.37236241,0.0015,0.015,6.5,0.01,2.03,0.05,500,1
-6.193678,106.801819,Jakarta Barat,Palmerah,Slipi,0.18,0,18.56728559,0.0015,0.31,0.27,2,2.03,0.03,100,9
-6.196564,106.747604,Jakarta Barat,Kembangan,Meruya Utara,0.17,0,3.639749295,0.0015,0.65,1,0.005,2.03,0.03,0,10
-6.197706,106.905342,Jakarta Timur,Cakung,Jatinegara,0.02,0,11.44903014,10.003,0.72,4.8,0,2.03,0.17,0,1
-6.198867,106.880661,Jakarta Timur,Pulogadung,Rawamangun,0.015,0,0.411761019,0.0015,0.015,2.9,0.01,2.03,0.05,0,3
-6.199202778,106.9004889,Jakarta Timur,Pulogadung,Jati,0.66,0,5.693002991,0.0015,2.37,2.1,0.02,2.03,0.03,0,14
-6.1995,106.906609,Jakarta Timur,Cakung,Jatinegara 2,0.02,0,0.657978325,0.0015,0.09,5.4,0.03,2.03,0.1,0,1
-6.200566,106.868551,Jakarta Utara,Matraman,Utan Kayu Selatan,0.41,0,3.259379858,0.0015,0.5,0.3,0.01,2.03,0.04,0,5
-6.202214,106.787056,Jakarta Barat,Palmerah,Palmerah,0.015,0,23.94844836,0.0015,2.28,0.27,0.005,2.03,0.03,3100,44
-6.202667,106.930916,Jakarta Timur,Cakung,Penggilingan,0.05,0,19.58755552,0.0015,0.02,0.3,0.01,2.17,0.08,200,2
-6.203045,106.804382,Jakarta Pusat,Tanah Abang,Bendungan Hilir,0.03,0,0.899290139,0.003,0.03,2.6,0.02,2.03,0.05,0,1
-6.203533,106.756936,Jakarta Barat,Kembangan,Srengseng,0.015,0,18.51051514,0.0015,0.015,5.4,0.005,2.03,0.03,100,1
-6.203861,106.844475,Jakarta Pusat,Menteng,Menteng,0.03,200,16.31639475,0.003,0.15,1.4,0.01,2.03,0.05,2600,4
-6.204306,106.850304,Jakarta Pusat,Menteng,Pegangsaan,0.03,0,1.190486982,0.003,0.03,7.7,0.01,2.03,0.18,0,1
-6.205609,106.855774,Jakarta Utara,Matraman,Kebon Manggis,0.02,0,0.486052573,0.0015,0.015,7,0.01,2.03,0.03,0,1
-6.206711111,106.8328139,Jakarta Selatan,Setiabudi,Guntur,0.06,0,0.525175112,0.0015,0.015,3.4,0.005,2.03,0.04,0,3
-6.20694,106.863527,Jakarta Utara,Matraman,Kayu Manis,0.02,2800,25.54267331,0.0015,0.02,11.6,0.12,4.3,0.03,7100,3
-6.207228,106.86142,Jakarta Utara,Matraman,Pelmerah,0.02,0,0.637264494,0.0015,0.015,15.4,0.01,2.05,0.03,0,1
-6.208514,106.877174,Jakarta Timur,Pulogadung,Pisangan Timur,0.015,0,2.264192673,0.0015,0.27,7.6,0.01,2.36,0.06,0,3
-6.208916667,106.8950194,Jakarta Timur,Pulogadung,Cipinang,0.05,0,5.31771946,0.0015,1.94,4.3,0.01,2.03,0.05,0,2
-6.208972222,106.8239722,Jakarta Selatan,Setiabudi,Setiabudi,0.015,0,0.565869277,0.0015,0.015,0.27,0.005,2.03,0.12,0,3
-6.20916667,106.8979222,Jakarta Timur,Pulogadung,Jati Negara Kaum,0.03,0,0.672304058,0.0015,0.05,1.7,0.01,2.03,0.04,0,1
-6.209167,106.871194,Jakarta Utara,Matraman,Pisangan Baru,0.02,0,3.213240496,0.0015,0.5,3.5,0.08,2.03,0.05,0,1
-6.209948,106.842126,Jakarta Selatan,Setiabudi,Pasar Manggis,0.015,0,0.485409951,0.0015,0.015,1.6,0.02,2.03,0.03,0,5
-6.210861,106.789391,Jakarta Selatan,Kebayoran Lama,Grogol Utara,0.04,0,0.671685277,0.0015,0.015,1.1,0.005,2.03,0.03,0,1
-6.212278,106.815315,Jakarta Pusat,Tanah Abang,Karet Tengsin,0.03,0,13.00058687,0.003,0.03,1.9,0.01,2.88,0.03,300,1
-6.214436,106.769592,Jakarta Barat,Kebon Jeruk,Sukabumi Selatan,0.03,0,14.8492424,0.003,0.03,10.8,0.01,2.03,0.08,1000,1
-6.214517,106.859642,Jakarta Timur,Jatinegara,Kampung Melayu,0.015,0,22.22760032,0.0015,0.08,11.1,0.01,2.03,0.1,1100,4
-6.214764,106.736336,Jakarta Barat,Kembangan,Meruya Selatan,0.015,0,19.59940176,0.0015,0.16,8.6,0.02,2.03,0.03,200,2
-6.2169,106.9081,Jakarta Timur,Duren Sawit,Blender,0.25,0,19.64652638,0.0015,0.56,0.3,0.01,5.87,0.03,200,3
-6.217022,106.90799,Jakarta Timur,Duren Sawit,Malaka Jaya,0.02,0,0.456859597,0.0015,0.02,4.2,0.01,2.03,0.03,0,1
-6.217264,106.882233,Jakarta Timur,Jatinegara,Cipinang Besar Utara,0.7,0,3.873354025,0.0015,0.71,0.3,0.01,3.59,0.03,0,30
-6.217736,106.851547,Jakarta Selatan,Tebet,Manggarai,0.015,23000,27.92159017,0.0015,0.06,4.3,0.005,2.03,0.04,32000,1
-6.217767,106.847267,Jakarta Selatan,Tebet,Manggarai Selatan,0.015,14000,27.58797021,0.0015,0.015,6.1,0.005,2.73,0.07,26000,3
-6.218852778,106.8248611,Jakarta Selatan,Setiabudi,Karet Kuningan,0.03,0,0.546755127,0.0015,0.015,10.2,0.005,2.03,0.03,0,1
-6.219883,106.883303,Jakarta Timur,Jatinegara,Balimester,0.015,0,0.442116313,0.0015,0.03,11.8,0.01,2.03,0.04,0,2
-6.220531,106.735481,Jakarta Barat,Kembangan,Joglo,0.1,400,25.16538634,0.0015,0.94,1.5,0.005,2.98,0.03,5300,9
-6.221406,106.869934,Jakarta Timur,Jatinegara,Rawabunga,0.07,0,3.628113565,0.0015,0.65,5.2,0.005,2.03,0.08,0,7
-6.222027778,106.8383056,Jakarta Selatan,Setiabudi,Menteng Atas,0.015,0,20.99900604,0.0015,0.015,0.27,0.005,2.03,0.03,500,4
-6.224164,106.86113,Jakarta Selatan,Tebet,Bukit Duri,0.015,0,0.460050114,0.0015,0.015,10.5,0.005,2.03,0.18,0,1
-6.224353,106.883041,Jakarta Timur,Jatinegara,Cipinang Besar Selatan,0.02,0,0.34129562,0.0015,0.015,1.1,0.01,14.68,0.03,0,1
-6.2258,106.821106,Jakarta Selatan,Setiabudi,Karet Semanggi,0.015,0,0.864531751,0.0015,0.015,14.1,0.01,2.03,0.03,0,1
-6.226078,106.777733,Jakarta Barat,Kebon Jeruk,Sukabumi Utara,0.03,400,22.44644503,0.003,0.03,4.4,0.01,2.03,0.03,1000,3
-6.22711,106.75322,Jakarta Selatan,Pesanggrahan,Petukangan Utara,0.16,0,22.60127579,0.0015,0.02,0.3,0.01,2.03,0.05,1400,9
-6.227281,106.886444,Jakarta Timur,Jatinegara,Cipinang Muara,0.03,0,24.24772061,0.0015,0.015,6.8,0.01,2.3,0.03,4100,2
-6.227301,106.830147,Jakarta Selatan,Setiabudi,Kuningan Timur,0.015,0,20.65304895,0.0015,0.015,8.4,0.005,2.03,0.03,400,2
-6.2276,106.9279,Jakarta Timur,Duren Sawit,Malaka Sari,0.57,0,2.364447596,0.0015,0.13,8.2,0.01,3.96,0.03,0,1
-6.228097,106.874191,Jakarta Timur,Jatinegara,Cipinang Cempedak,0.015,0,0.433515414,0.0015,0.015,1.9,0.01,2.03,0.03,0,2
-6.228889,106.858055,Jakarta Selatan,Tebet,Tebet Timur,0.015,0,18.51353143,0.0015,0.05,2.3,0.005,2.03,0.04,100,2
-6.229173,106.94464,Jakarta Timur,Duren Sawit,Pondok Kopi,0.09,0,21.76759015,0.0015,0.51,0.27,0.01,2.39,0.06,800,4
-6.230389,106.783363,Jakarta Selatan,Kebayoran Lama,Grogol Selatan,0.03,0,0.686951023,0.0015,0.015,0.27,0.005,2.14,0.03,0,1
-6.230511,106.812439,Jakarta Selatan,Kebayoran Baru,Selong,0.04,0,1.796046869,0.0015,0.2,3.5,0.005,3.27,0.04,0,1
-6.2311,106.9146,Jakarta Timur,Duren Sawit,Duren Sawit,0.32,0,21.31948504,0.0015,0.17,0.3,0.01,45414,0.03,600,6
-6.232292,106.859344,Jakarta Selatan,Tebet,Kebon Baru,0.015,0,0.50550902,0.0015,0.015,2.6,0.005,3.84,0.14,0,1
-6.233056,106.848335,Jakarta Selatan,Tebet,Tebet Barat,0.015,0,0.708384322,0.0015,0.04,0.27,0.005,2.03,0.4,0,1
-6.234696,106.788536,Jakarta Selatan,Kebayoran Baru,Gunung,0.26,0,18.57663602,0.0015,0.52,1.1,0.005,2.03,0.03,100,9
-6.234819,106.836555,Jakarta Selatan,Tebet,Menteng Dalam,0.015,0,19.60274296,0.0015,0.15,1.2,0.005,2.95,0.03,200,3
-6.2354,106.8954,Jakarta Timur,Duren Sawit,Pondok Bambu,0.09,0,3.899613764,0.0015,0.78,2.7,0.01,2.03,0.03,0,1
-6.236694,106.820831,Jakarta Utara,Mampang Prapatan,Kuningan Barat,0.022222222,0,19.65236809,0.0015,1.15,0.27,0.005,2.03,0.04,200,8
-6.238207,106.81636,Jakarta Selatan,Kebayoran Baru,Rawa Barat,0.03,0,0.464514628,0.0015,0.02,4.6,0.01,2.51,0.06,0,1
-6.2391,106.9346,Jakarta Timur,Duren Sawit,Pondok Kelapa 2,0.02,0,0.337899759,0.0015,0.02,5,0.01,3.96,0.06,0,1
-6.239333,106.776337,Jakarta Selatan,Kebayoran Lama,Cipulir,0.015,0,21.72185241,0.0015,0.015,1.9,0.005,2.03,0.05,800,1
-6.239667,106.942402,Jakarta Timur,Duren Sawit,Pondok Kelapa 3,0.02,0,18.50915056,0.0015,0.02,8.9,0.01,2.55,0.05,100,1
-6.239931,106.867439,Jakarta Timur,Jatinegara,Bidara Cina,0.015,0,0.630318251,0.0015,0.015,7.8,0.01,2.03,0.03,0,8
-6.241833,106.781113,Jakarta Selatan,Kebayoran Lama,Kebayoran Lama Utara,0.015,0,0.412743629,0.0015,0.05,4.3,0.01,2.03,0.05,0,1
-6.244371,106.813675,Jakarta Selatan,Kebayoran Baru,Petogogan,0.98,0,4.066749669,0.0015,0.83,0.27,0.005,2.03,0.2,0,7
-6.2447,106.8984,Jakarta Utara,Makasar,Cipinang Melayu,0.02,0,0.45904424,0.0015,0.02,2.6,0.01,2.03,0.03,0,1
-6.244954,106.790695,Jakarta Selatan,Kebayoran Baru,Keramat Pela,0.015,0,0.286174127,0.0015,0.015,45418,0.005,2.03,0.03,0,1
-6.245028,106.828804,Jakarta Utara,Mampang Prapatan,Mampang Prapatan,0.03,400,24.28435949,0.0015,0.015,10.3,0.005,2.03,0.03,3300,1
-6.245578,106.762306,Jakarta Selatan,Pesanggrahan,Ulujami,0.015,100,21.32228613,0.0015,0.015,1.1,0.005,2.03,0.03,500,1
-6.24625,106.852806,Jakarta Selatan,Pancoran,Cikoko,0.03,0,15.83478521,0.003,0.03,18.5,0.01,2.03,0.03,1900,1
-6.248401,106.802788,Jakarta Selatan,Kebayoran Baru,Melawai,0.03,0,0.707106781,0.003,0.03,11.2,0.01,2.03,0.05,0,2
-6.248528,106.78286,Jakarta Selatan,Kebayoran Lama,Kebayoran Lama Selatan,0.015,0,1.811273736,0.0015,0.2,17.2,0.71,2.03,0.04,0,2
-6.248594,106.841087,Jakarta Selatan,Pancoran,Pancoran,0.03,0,11.3137085,0.003,0.03,9.7,0.01,2.03,0.03,100,NA
-6.2494,106.752663,Jakarta Selatan,Pesanggrahan,Petukangan Selatan,1.87,0,4.327123238,0.0015,0.53,0.27,0.01,2.03,0.03,0,54
-6.250028,106.833443,Jakarta Utara,Mampang Prapatan,Tegal Parang,0.05,200,20.69909409,0.0015,1.22,9.7,0.01,2.03,0.09,300,1
-6.250278,106.868416,Jakarta Utara,Kramatjati,Cawang,0.11,0,3.754912301,0.0015,0.71,1.3,0.005,3.27,0.03,0,1
-6.250853,106.861397,Jakarta Selatan,Pancoran,Pengadegan,0.03,0,0.707106781,0.003,0.03,9.9,0.01,2.03,0.03,0,1
-6.250892,106.80992,Jakarta Selatan,Kebayoran Baru,Pulo,0.015,600,23.18363473,0.0015,0.015,2,0.005,2.03,0.11,1600,3
-6.252778,106.811333,Jakarta Utara,Mampang Prapatan,Pela Mampang,0.1,0,18.55007371,0.0015,0.4,0.27,0.14,2.03,0.03,100,1
-6.257194,106.757156,Jakarta Selatan,Pesanggrahan,Pesanggrahan,0.015,0,1.800625621,0.0015,0.2,1.5,0.02,2.03,0.05,0,4
-6.257356,106.788094,Jakarta Selatan,Kebayoran Baru,Gandaria Utara,0.015,0,18.54073411,0.0015,0.015,7.1,0.005,2.03,0.03,100,2
-6.2577,106.8792,Jakarta Utara,Makasar,Kebon Pala,0.13,0,0.90001756,0.0015,0.11,1.4,0.08,2.03,0.11,0,8
-6.259194,106.827003,Jakarta Utara,Mampang Prapatan,Bangka,0.86,0,3.029879889,0.0015,0.05,0.27,0.005,2.03,0.2,0,29
-6.260206,106.852539,Jakarta Selatan,Pancoran,Rawajati,0.03,0,11.3137085,0.003,0.09,1.1,0.01,2.03,0.03,100,1
-6.26027,106.87002,Jakarta Utara,Kramatjati,Cililitan,0.015,600,23.46057569,0.0015,0.11,5.9,0.01,5.16,0.04,1900,1
-6.2605,106.84697,Jakarta Selatan,Pancoran,Kalibata,2.48,0,16.53612078,0.003,0.14,1.3,0.01,2.03,0.04,3000,115
-6.262866,106.802948,Jakarta Selatan,Kebayoran Baru,Cipete Utara,0.11,0,0.673865485,0.0015,0.09,0.27,0.005,2.03,0.03,0,5
-6.2677,106.877,Jakarta Utara,Makasar,Halim Perdana Kusuma,0.015,0,21.28131107,0.0015,0.015,9.4,0.005,2.03,0.04,600,1
-6.267783,106.812798,Jakarta Selatan,Kebayoran Baru,Senayan,0.015,0,4.13252118,0.0015,0.91,0.3,0.005,3.08,0.03,0,1
-6.269,106.837,Jakarta Selatan,Pasar Minggu,Pejaten Barat,0.015,500,23.07697636,0.0015,0.015,7.1,0.005,2.03,0.03,1500,1
-6.269778,106.775833,Jakarta Selatan,Kebayoran Lama,Pondok Pinang,0.015,0,3.489574093,0.0015,0.6,0.27,0.005,2.03,0.03,0,1
-6.270611,106.793968,Jakarta Selatan,Cilandak,Gandaria Selatan,0.04,0,2.082683255,0.0015,0.24,12.7,0.01,2.03,0.03,0,2
-6.272858,106.76416,Jakarta Selatan,Pesanggrahan,Bintaro,0.07,0,3.782024713,0.0015,0.72,18.9,0.02,2.03,0.08,0,1
-6.274039,106.79863,Jakarta Selatan,Cilandak,Cipete Selatan,0.04,0,21.52152725,0.0015,0.06,1.3,0.005,2.03,0.04,700,3
-6.2774,106.8717,Jakarta Utara,Kramatjati,Kramatjati,0.02,0,20.65797439,0.0015,0.08,9,0.01,2.03,0.03,400,1
-6.2805,106.8765,Jakarta Utara,Makasar,Makasar,0.015,0,0.26138879,0.0015,0.03,6.6,0.01,2.03,0.09,0,1
-6.28175,106.85028,Jakarta Utara,Kramatjati,Balekambang,0.015,0,0.544482176,0.0015,0.04,14.8,0.01,2.52,0.06,0,1
-6.28296,106.8589,Jakarta Utara,Kramatjati,Batu Ampar,0.25,0,2.315510985,0.0015,0.2,0.3,0.01,2.03,0.07,0,27
-6.283306,106.791946,Jakarta Selatan,Cilandak,Cilandak Barat,0.015,100,24.43926481,0.0015,0.15,13.6,0.02,2.03,0.06,3700,1
-6.285,106.834,Jakarta Selatan,Pasar Minggu,Jati Padang,0.04,100,21.34652242,0.0015,0.04,4.8,0.005,2.03,0.03,500,5
-6.285,106.84,Jakarta Selatan,Pasar Minggu,Pasar Minggu,0.015,0,0.688738339,0.0015,0.04,18.9,0.005,2.03,0.06,0,1
-6.2876,106.8813,Jakarta Utara,Makasar,Pinang Ranti,3.8,0,5.387997189,0.0015,0.4,0.27,0.005,2.65,0.03,0,45
-6.2901,106.8644,Jakarta Utara,Kramatjati,Tengah,0.015,0,0.742234963,0.0015,0.02,0.3,0.01,2.03,0.03,0,1
-6.2924,106.8761,Jakarta Utara,Kramatjati,Dukuh,0.015,0,18.5541959,0.0015,0.54,11.4,0.01,2.03,0.06,100,1
-6.294,106.845,Jakarta Selatan,Pasar Minggu,Pejaten Timur,0.015,100,20.5503241,0.0015,0.015,16.5,0.005,2.03,0.03,300,1
-6.301,106.865,Jakarta Timur,Pasar Rebo,Gedong,0.02,0,21.5317379,0.0015,0.14,7.8,0.01,2.03,0.16,700,1
-6.302028,106.872192,Jakarta Timur,Ciracas,Rambutan,7.59,0,18.81391605,0.0015,0.66,0.27,0.03,2.03,0.17,100,626
-6.3045,106.784416,Jakarta Selatan,Cilandak,Lebak Bulus,0.015,6100,25.83498978,0.0015,0.015,7.5,0.01,2.03,0.04,8500,3
-6.305,106.819,Jakarta Selatan,Pasar Minggu,Ragunan,0.015,0,18.65200033,0.0015,23,7.2,0.005,2.03,0.18,100,2
-6.305711,106.907028,Jakarta Timur,Cipayung,Bambu Apus,0.08,0,18.50919603,0.0015,0.015,2.9,0.005,2.03,0.03,100,1
-6.306333,106.789531,Jakarta Selatan,Cilandak,Pondok Labu,0.04,0,0.306544045,0.0015,0.04,4.3,0.01,2.03,0.48,0,2
-6.306972,106.810692,Jakarta Selatan,Pasar Minggu,Cilandak Timur,0.1,0,18.5152033,0.0015,0.015,0.27,0.01,2.03,0.33,100,7
-6.309303,106.914948,Jakarta Timur,Cipayung,Setu,0.015,0,0.578719985,0.0015,0.015,15.9,0.005,2.03,0.19,0,1
-6.312944,106.874832,Jakarta Timur,Ciracas,Susukan,0.03,1400,25.41852756,0.0015,0.015,2.5,0.01,2.03,0.15,6700,7
-6.314347,106.889488,Jakarta Timur,Cipayung,Ceger,0.015,0,0.207673905,0.0015,0.015,5.5,0.005,2.03,0.2,0,1
-6.319,106.825,Jakarta Selatan,Pasar Minggu,Kebagusan,0.14,0,1.88369066,0.0015,0.21,11.2,0.02,2.03,0.42,0,4
-6.323,106.851,Jakarta Utara,Kramatjati,Baru,0.015,0,20.21271243,0.0015,0.015,13.3,0.01,2.03,0.03,300,1
-6.324,106.862,Jakarta Timur,Pasar Rebo,Cijantung,0.015,0,18.52322106,0.0015,0.015,23.8,0.01,2.03,0.06,100,1
-6.324075,106.836914,Jakarta Selatan,Jagakarsa,Lenteng Agung,0.04,0,1.641481299,0.0015,0.18,15,0.005,2.03,0.08,0,2
-6.324567,106.89975,Jakarta Timur,Cipayung,Cipayung,1.16,0,21.37026733,0.0015,0.1,0.27,0.005,2.03,0.36,600,38
-6.328411,106.82254,Jakarta Selatan,Jagakarsa,Jagakarsa,0.03,0,1.631544365,0.0015,0.18,8.4,0.005,2.03,0.04,0,1
-6.328425,106.877693,Jakarta Timur,Ciracas,Ciracas,0.03,0,0.334667765,0.0015,0.04,8.8,0.005,2.03,0.17,0,1
-6.333589,106.903236,Jakarta Timur,Cipayung,Cilangkap,0.015,0,3.20936099,0.0015,0.5,10.4,0.005,2.03,0.13,0,1
-6.337,106.855,Jakarta Timur,Pasar Rebo,Kalisari,0.02,0,1.717105241,0.0015,0.19,12.7,0.01,2.03,0.13,0,1
-6.338081,106.810379,Jakarta Selatan,Jagakarsa,Ciganjur,3.26,0,6.193824216,0.0015,0.21,1.6,0.01,2.03,0.05,0,317
-6.338772,106.882416,Jakarta Timur,Ciracas,Kelapa Dua Wetan,0.53,100,22.31706678,0.0015,0.13,5.1,0.005,2.03,0.2,900,8
-6.343,106.861,Jakarta Timur,Pasar Rebo,Pekayon,0.015,0,1.134485671,0.0015,0.13,11.9,0.01,2.03,0.22,0,1
-6.344897,106.802467,Jakarta Selatan,Jagakarsa,Cipedak,0.04,0,21.51724682,0.0015,0.03,5.4,0.005,2.03,0.05,700,2
-6.3455,106.831001,Jakarta Selatan,Jagakarsa,Srengseng Sawah,0.03,100,22.05103,0.0015,0.015,4.3,0.005,2.03,0.06,800,2
-6.347692,106.914703,Jakarta Timur,Cipayung,Pondok Rangon,0.015,0,18.50595233,0.0015,0.015,3.1,0.005,2.03,0.1,100,1
-6.348503,106.894096,Jakarta Timur,Cipayung,Lubang Buaya,0.04,0,0.311171649,0.0015,0.015,1.1,0.01,2.03,0.32,0,1
-6.35,106.876,Jakarta Timur,Ciracas,Cibubur,0.015,0,1.87489897,0.0015,0.21,15.3,0.01,2.03,0.18,0,1
-6.39433,106.850327,Jakarta Selatan,Jagakarsa,Tanjung Barat,0.015,0,0.363388251,0.0015,0.02,9.8,0.005,2.03,0.03,0,1
-6.482808333,106.8254306,Jakarta Selatan,Setiabudi,Karet,0.015,0,18.51106731,0.0015,0.015,9.2,0.005,2.03,0.03,100,1
-617525,106.9511111,Jakarta Timur,Cakung,Cakung Timur 3,0.38,0,3.906028275,0.003,0.12,0.3,0.07,16.76,0.04,0,35
6.215944,106.954529,Jakarta Timur,Cakung,Pulogebang,0.02,700,22.61853491,0.0015,0.02,12.3,0.01,2.03,0.07,1100,1
N/A,N/A,Jakarta Selatan,Pancoran,Cikoko,0.015,0,0.60022001,0.0015,0.015,15.8,0.005,NA,NA,0,1
